{
	"comment": "Contains the steps required to undeploy the email server and client capability",
	"fileVersion": "1.0.0",
	"fileLocation": "https://github.com/Munafuddin/cp4ba-client-onboarding-scenario/tree/main/23.2.2/Deployment_Automation/Starter/RemoveEmailCapability.json",
	"requiredToolVersion": ">=1.1.5 <1.2.0",
	"requiredCP4BAVersion": ">=23.1.0 <23.2.2",
	"requiredCP4BAPattern": "Starter",
	"actions": [
		{
			"CONTAINER": {
				"enabled": "true",
				"description": "Clean up email server and client",
				"actions": [
					{
						"OCP": {
							"enabled": "$$(enableCleanupEmailCapability)$$",
							"name": "Remove mail server and client from OCP",
							"relativeBasePath": "OpenShift",
							"subActions": [
								{
									"MANAGEROUTES": {
										"enabled": "§IF($$(ISSET(localMailClientNamespace))$$)§(true)§ELSE§(false)ENDIF§",
										"description": "Delete roundcubenginx route",
										"namespaceName": "$$(localMailClientNamespace|default=)$$",
										"routes": [
											{
												"action": "delete",
												"routeName": "roundcubenginx"
											}
										]
									}
								},
								{
									"MANAGEDEPLOYMENTS": {
										"enabled": "§IF($$(ISSET(localMailClientNamespace))$$)§(true)§ELSE§(false)ENDIF§",
										"description": "Delete roundcubenginx, roundcubemail, and roundcubedb deployment",
										"namespaceName": "$$(localMailClientNamespace|default=)$$",
										"deployments": [
											{
												"action": "delete",
												"deploymentName": "roundcubenginx"
											},
											{
												"action": "delete",
												"deploymentName": "roundcubemail"
											},
											{
												"action": "delete",
												"deploymentName": "roundcubedb"
											}
										]
									}
								},
								{
									"MANAGESECRETS": {
										"enabled": "§IF($$(ISSET(localMailClientNamespace))$$)§(true)§ELSE§(false)ENDIF§",
										"description": "Delete roundcubemail-shared-secret secrets",
										"namespaceName": "$$(localMailClientNamespace|default=)$$",
										"secrets": [
											{
												"action": "delete",
												"secretName": "roundcubemail-shared-secret"
											}
										]
									}
								},
								{
									"MANAGECONFIGMAPS": {
										"enabled": "§IF($$(ISSET(localSmtpServerNamespace))$$)§(true)§ELSE§(false)ENDIF§",
										"description": "Remove 'roundcube-mail-config' and 'roundcubenginx-config' ConfigMaps",
										"namespaceName": "$$(localSmtpServerNamespace|default=)$$",
										"configMaps": [
											{
												"action": "delete",
												"configMapName": "roundcube-mail-config"
											},
											{
												"action": "delete",
												"configMapName": "roundcubenginx-config"
											}
										]
									}
								},
								{
									"MANAGEPVCS": {
										"enabled": "§IF($$(ISSET(localMailClientNamespace))$$)§(true)§ELSE§(false)ENDIF§",
										"description": "Delete roundcubedb-volumeclaim, roundcubemail-temp-pvc, and roundcubemail-www-pvc PVCs",
										"namespaceName": "$$(localMailClientNamespace|default=)$$",
										"pvcs": [
											{
												"action": "delete",
												"pvcName": "roundcubedb-volumeclaim"
											},
											{
												"action": "delete",
												"pvcName": "roundcubemail-temp-pvc"
											},
											{
												"action": "delete",
												"pvcName": "roundcubemail-www-pvc"
											}
										]
									}
								},
								{
									"MANAGEDEPLOYMENTS": {
										"enabled": "§IF($$(ISSET(localSmtpServerNamespace))$$)§(true)§ELSE§(false)ENDIF§",
										"description": "Delete mailserver deployment",
										"namespaceName": "$$(localSmtpServerNamespace|default=)$$",
										"deployments": [
											{
												"action": "delete",
												"deploymentName": "mailserver"
											}
										]
									}
								},
								{
									"MANAGESERVICES": {
										"enabled": "§IF($$(ISSET(localSmtpServerNamespace))$$)§(true)§ELSE§(false)ENDIF§",
										"description": "Delete mailserver service",
										"namespaceName": "$$(localSmtpServerNamespace|default=)$$",
										"services": [
											{
												"action": "delete",
												"serviceName": "mailserver"
											}
										]
									}
								},
								{
									"MANAGEPVCS": {
										"enabled": "§IF($$(ISSET(localSmtpServerNamespace))$$)§(true)§ELSE§(false)ENDIF§",
										"description": "Delete mail-storage PVC",
										"namespaceName": "$$(localSmtpServerNamespace|default=)$$",
										"pvcs": [
											{
												"action": "delete",
												"pvcName": "mail-storage"
											}
										]
									}
								},
								{
									"MANAGECONFIGMAPS": {
										"enabled": "§IF($$(ISSET(localSmtpServerNamespace))$$)§(true)§ELSE§(false)ENDIF§",
										"description": "Delete mailserver.env.config ConfigMaps",
										"namespaceName": "$$(localSmtpServerNamespace|default=)$$",
										"configMaps": [
											{
												"action": "delete",
												"configMapName": "mailserver.env.config"
											},
											{
												"action": "delete",
												"configMapName": "mailserver.config"
											}
										]
									}
								},
								{
									"MANAGEOCPCLUSTERROLEBINDING": {
										"enabled": "§IF($$(ISSET(localSmtpServerNamespace))$$)§(true)§ELSE§(false)ENDIF§",
										"description": "Remove ClusterRoleBinding for 'privileged' and 'anyuid' cluster roles",
										"namespaceName": "$$(localSmtpServerNamespace|default=)$$",
										"clusterRoles": [
											{
												"action": "delete",
												"clusterRoleName": "privileged"
											},
											{
												"action": "delete",
												"clusterRoleName": "anyuid"
											}
										]
									}
								},
								{
									"MANAGEOCPNAMESPACE": {
										"enabled": "§IF($$(ISSET(localSmtpServerNamespace))$$)§(true)§ELSE§(false)ENDIF§",
										"description": "Delete §IF($$(ISSET(localSmtpServerNamespace))$$)§($$(localSmtpServerNamespace|default=)$$ )ENDIF§namespace for mail server§IF($$(ISSET(localSmtpServerNamespace))$$ && $(EQUALS(localMailClientNamespace|default===$$(localSmtpServerNamespace|default=)$$))$)§( and mail client)ENDIF§",
										"action": "delete",
										"namespaceName": "$$(localSmtpServerNamespace|default=)$$"
									}
								},
								{
									"MANAGEOCPNAMESPACE": {
										"comment": "Cleanup namespace of mail client in case different from namespace of mail server",
										"enabled": "§IF($$(ISSET(localMailClientNamespace))$$)§(true)§ELSE§(false)ENDIF§ && $(NOTEQUAL(localMailClientNamespace|default=!=$$(localSmtpServerNamespace|default=)$$))$",
										"description": "Delete §IF($$(ISSET(localMailClientNamespace))$$)§($$(localMailClientNamespace|default=)$$ )ENDIF§namespace for mail client",
										"action": "delete",
										"namespaceName": "$$(localMailClientNamespace|default=)$$"
									}
								}
							]
						}
					}
				]
			}
		}
	]
}